Airport Identifier,FBO Name,City,State,0 - Jet A Retail,1 - CAA Price 1-500,2 - CAA Price 501-1000,3 - CAA Price 1001-1500,4 - CAA Price 1501-2000,5 - CAA Price 2001-2500,6 - CAA Price 2501 or more,7 - CAA Price 3501-4500,8 - CAA Price 4501-5500,9 - CAA Price 5501 or more
CYYC,Signature Aviation,,AB,4.86,3.23,3.20,3.17,3.17,3.17,3.14,,,
KBHM,Million Air,Birmingham,AL,7.76,4.93,4.93,4.88,4.88,4.83,4.83,,,
KCMD,Cullman Regional Airport,Vinemont,AL,5.29,4.39,4.24,4.24,4.24,4.24,4.24,,,
KDCU,Pryor Flight Center,Tanner,AL,6.10,4.52,4.52,4.52,4.22,4.22,4.22,,,
KJKA,Gulf Air Center,Gulf Shores,AL,7.36,5.36,5.26,5.16,5.11,4.96,4.86,,,
KTCL,Bama Dixie,Tuscaloosa,AL,4.30,3.85,3.80,3.75,3.70,3.65,3.60,,,
M22,Explore Aviation,Russellville,AL,4.34,3.84,3.84,3.84,3.84,3.84,3.84,,,
KARG,Walnut Ridge Regional Airport,Walnut Ridge,AR,5.40,4.58,4.47,4.35,4.02,4.02,4.02,,,
KCXW,City of Conway,Conway,AR,4.69,4.55,4.42,4.38,4.24,4.24,4.24,,,
KFYV,Fayetteville Aviation Services,Fayetteville,AR,5.55,4.47,4.36,4.25,4.25,4.25,4.25,,,
KROG,Beaver Lake Aviation,Rogers,AR,5.64,4.58,4.58,4.58,4.58,4.58,4.24,,,
KRUE,Russellville Regional Airport,Russellville,AR,4.22,3.89,3.89,3.89,3.89,3.89,3.89,,,
KXNA,"Regional Jet Center, Inc.",Bentonville,AR,5.20,4.49,4.38,4.27,4.10,4.10,4.10,,,
KDVT,Cutter Aviation,Phoenix,AZ,7.72,4.28,4.28,4.16,4.16,4.16,4.16,,,
KFFZ,Cunningham Aviation,Mesa,AZ,6.04,3.66,3.61,3.61,3.56,3.56,3.56,,,
KPGA,"American Aviation, Inc.",Page,AZ,5.55,4.10,4.10,4.10,4.10,4.10,4.10,,,
KPHX,Cutter Aviation,Phoenix,AZ,7.76,3.34,3.34,3.29,3.29,3.29,3.29,,,
KPRC,Cutter Aviation,Prescott,AZ,6.94,4.66,4.54,4.41,4.41,4.41,4.41,,,
KSAD,Spalsbury Aviation,Safford,AZ,5.59,4.54,4.37,4.35,4.32,4.30,4.20,,,
KSDL,Jet Aviation,Scottsdale,AZ,7.25,4.74,4.69,4.64,4.59,4.59,4.59,,,
KTUS,Tucson Jet Center,Tucson,AZ,5.50,3.52,3.47,3.47,3.47,3.37,3.32,,,
CYVR,Million Air,Richmond,BC,6.47,4.62,4.18,4.18,4.04,4.04,4.04,,,
CYXX,Fast Air Jet Centre,Abbotsford,BC,4.60,3.84,3.84,3.84,3.78,3.78,3.78,,,
CZBB,Boundary Bay Air Services,Delta,BC,4.46,3.97,3.82,3.82,3.82,3.82,3.82,,,
KBFL,Bakersfield Jet Center,Bakersfield,CA,6.44,4.27,4.27,4.27,4.27,4.27,4.27,,,
KBUR,Hollywood Burbank Jet Center,Burbank,CA,5.78,4.94,4.87,4.81,4.73,4.67,4.61,,,
KCCR,Concord Jet Center,Concord,CA,5.64,3.78,3.78,3.78,3.78,3.78,3.78,,,
KCMA,Air 7,Camarillo,CA,4.57,3.84,3.84,3.84,3.84,3.84,3.84,,,
KCNO,Flying Tigers Aviation,Chino,CA,5.04,4.04,4.04,4.04,4.04,3.99,3.99,,,
KCRQ,Carlsbad Jet Center,Carlsbad,CA,8.98,4.79,4.79,4.79,4.79,4.79,4.79,,,
KDVO,SkyShare,Novato,CA,6.70,5.20,5.15,5.09,5.09,5.09,5.09,,,
KHHR,Jet Center Los Angeles,Hawthorne,CA,6.92,5.87,5.54,5.43,5.43,5.43,5.43,,,
KHWD,APP JET CENTER-HAYWARD,Hayward,CA,5.99,4.23,4.23,4.23,4.23,4.23,4.23,,,
KMAE,Madera Jet Center,Madera,CA,5.99,4.59,4.53,4.48,4.42,4.42,4.42,,,
KMOD,Modesto Jet Center,Modesto,CA,6.36,5.11,5.00,4.94,4.89,4.78,4.67,,,
KMYF,Crownair Aviation,San Diego,CA,8.51,4.80,4.75,4.69,4.64,4.59,4.53,,,
KOAK,KaiserAir Oakland Jet Center,Oakland,CA,5.89,4.49,4.41,4.35,4.28,4.15,4.08,,,
KOXR,Axis Air,Oxnard,CA,5.15,4.76,4.71,4.66,4.60,4.55,4.49,,,
KSEE,Circle Air Group,San Diego El Cajon,CA,5.89,4.74,4.74,4.74,4.74,4.74,4.74,,,
KSNA,Clay Lacy Aviation,Costa Mesa,CA,5.44,4.58,4.58,4.50,4.50,4.50,4.45,,,
KSNS,gateOne Salinas,Salinas,CA,5.84,5.32,4.97,4.75,4.75,4.75,4.75,,,
KSTS,KaiserAir Santa Rosa Jet Center,Santa Rosa,CA,5.62,4.14,4.08,4.00,3.94,3.87,3.83,,,
KTRM,Desert Jet Center,Thermal,CA,8.32,4.65,4.65,4.54,4.54,4.54,4.54,,,
KUDD,Crown Aero,Bermuda Dunes,CA,7.53,5.25,5.25,5.25,5.25,5.25,5.25,,,
KVNY,Castle & Cooke Aviation,Van Nuys,CA,6.73,4.38,4.38,4.38,4.38,4.38,4.38,,,
KAKO,Hayes Aviation,Akron,CO,5.12,4.12,4.07,4.01,3.96,3.90,3.85,,,
KAPA,jetCenters of Colorado,Englewood,CO,7.05,3.99,3.94,3.89,3.89,3.89,3.89,,,
KBJC,Sheltair,Broomfield,CO,7.46,5.40,5.29,5.19,5.08,4.87,4.72,,,
KCFO,Colorado Air and Space Port,Watkins,CO,6.15,4.73,4.47,4.16,4.16,3.90,3.90,,,
KCOS,Cutter Aviation,Colorado Springs,CO,7.24,3.68,3.68,3.68,3.63,3.63,3.63,,,
KFNL,jetCenters of Colorado,Loveland,CO,6.98,5.27,5.27,5.27,5.27,5.27,5.27,,,
KPUB,Freeman Jet Center,Pueblo,CO,6.58,4.42,4.32,4.32,4.32,4.32,4.32,,,
KBDR,"Three Wing Aviation Group, LLC",Stratford,CT,5.95,4.47,4.36,4.15,4.04,4.04,4.04,,,
KDXR,Reliant Air,Danbury,CT,4.40,3.91,3.91,3.91,3.91,3.91,3.91,,,
KIAD,Atlantic Aviation,Dulles,DC,9.95,6.19,6.19,6.19,6.14,6.14,6.14,,,
KILG,flyADVANCED,New Castle,DE,6.45,4.36,4.36,4.36,4.36,4.36,4.36,,,
KCLW,Fly USA,Clearwater,FL,5.65,3.98,3.98,3.98,3.98,3.98,3.98,,,
KCRG,Sky Harbor Aviation,Jacksonville,FL,6.30,3.64,3.59,3.54,3.54,3.54,3.54,,,
KDAB,Yelvington Jet Aviation,Daytona Beach,FL,6.03,3.89,3.84,3.79,3.77,3.70,3.65,,,
KECP,Sheltair,Panama City,FL,7.22,5.00,5.00,4.75,4.65,4.50,4.35,,,
KFLL,Sheltair,Fort Lauderdale,FL,6.53,3.65,3.63,3.58,3.55,3.50,3.50,,,
KFPR,APP Jet Center,Fort Pierce,FL,5.99,4.29,4.29,4.24,4.24,4.24,4.24,,,
KFXE,Banyan Air Service,Fort Lauderdale,FL,6.36,3.90,3.90,3.85,3.80,3.74,3.74,,,
KISM,Velocity FBO Network,Orlando,FL,6.00,4.47,4.36,4.31,4.26,4.26,4.26,,,
KJAX,Sheltair,Jacksonville,FL,6.56,4.67,4.57,4.47,4.37,4.27,4.22,,,
KLAL,Aero Center Lakeland,Lakeland,FL,6.48,4.35,4.35,4.35,4.35,4.35,4.35,,,
KLNA,Stellar Aviation,Lake Worth,FL,5.59,4.65,4.55,4.55,4.55,4.55,4.55,,,
KMLB,Sheltair,Melbourne,FL,6.24,5.00,4.90,4.80,4.70,4.60,4.50,,,
KOPF,Fontainebleau Aviation,Opa Locka,FL,7.54,3.90,3.79,3.68,3.58,3.58,3.58,,,
KORL,Sheltair,Orlando,FL,6.79,4.68,4.58,4.48,4.38,4.38,4.38,,,
KPBI,Jet Aviation,West Palm Beach,FL,8.90,4.69,4.64,4.59,4.54,4.48,4.48,,,
KPIE,Sheltair,Clearwater,FL,6.65,4.76,4.71,4.71,4.61,4.51,4.51,,,
KPNS,"Pensacola Aviation Center, LLC",Pensacola,FL,7.15,5.07,5.07,5.07,5.07,5.07,5.07,,,
KSFB,Million Air,Sanford,FL,6.72,4.62,4.52,4.47,4.42,4.42,4.42,,,
KSRQ,Ascension FBO Network,Sarasota,FL,7.14,4.57,4.51,4.46,4.41,4.35,4.24,,,
KSUA,APP Jet Center Stuart,Stuart,FL,6.79,4.36,4.36,4.31,4.31,4.24,4.24,,,
KTLH,Million Air,Tallahassee,FL,5.08,4.83,4.78,4.73,4.68,4.63,4.58,,,
KTMB,Reliance Aviation,Miami,FL,5.79,3.55,3.55,3.55,3.55,3.55,3.55,,,
KTPA,Sheltair,Tampa,FL,7.41,4.85,4.74,4.68,4.62,4.50,4.32,,,
KVDF,Skyport Aviation,Tampa,FL,7.52,4.82,4.70,4.59,4.59,4.59,4.59,,,
KVNC,Skyport Aviation,Venice,FL,7.20,4.80,4.70,4.60,4.60,4.60,4.60,,,
KVQQ,Million Air,Jacksonville,FL,7.54,4.82,4.77,4.72,4.72,4.72,4.72,,,
KVRB,"Sun Aviation, Inc.",Vero Beach,FL,6.60,3.70,3.70,3.70,3.70,3.70,3.70,,,
X60,Williston Municipal,Williston,FL,3.90,3.80,3.80,3.80,3.80,3.80,3.80,,,
KCCO,CCO Airport Services,Newnan,GA,5.17,3.72,3.72,3.72,3.72,3.72,3.72,,,
KCNI,S & S Aviation,Ball Ground,GA,4.90,4.50,4.50,4.38,4.38,4.26,4.26,,,
KFTY,Hill Aircraft,Atlanta,GA,7.49,5.17,4.93,4.74,4.74,4.68,4.68,,,
KLZU,Aircraft Specialists Jet Center,Lawrenceville,GA,4.88,3.68,3.68,3.63,3.63,3.53,3.53,,,
KMGR,Eagles of America Inc.,Moultrie,GA,4.80,4.21,4.16,4.11,4.06,4.01,4.01,,,
KPDK,Aero Center,Atlanta,GA,6.80,5.10,4.86,4.86,4.86,4.86,4.86,,,
KPXE,Perry Houston County Airport Authority,Perry,GA,4.50,3.56,3.54,3.52,3.51,3.49,3.45,,,
KSAV,Sheltair,Savannah,GA,6.18,4.64,4.49,4.29,3.98,3.98,3.98,,,
KVPC,Phoenix Air,Cartersville,GA,5.54,4.12,4.12,4.02,4.02,3.92,3.92,,,
PHNL,Castle & Cooke Aviation,Honolulu,HI,7.99,4.16,4.16,4.16,4.16,4.16,4.05,4.00,3.94,3.88
KALO,Livingston Aviation,Waterloo,IA,6.25,4.14,4.14,3.94,3.94,3.94,3.94,,,
KCBF,Revv Aviation,Council Bluffs,IA,5.84,3.83,3.77,3.71,3.65,3.59,3.54,,,
KCWI,Clinton Municipal Airport,Clinton,IA,5.50,4.30,4.30,4.20,4.20,4.15,4.15,,,
KDSM,Modern Aviation,Des Moines,IA,7.20,4.27,4.17,4.07,3.97,3.87,3.77,,,
KBOI,Jackson Jet Center,Boise,ID,6.99,3.65,3.65,3.60,3.60,3.55,3.55,,,
KLWS,Hillcrest Aircraft Company,Lewiston,ID,5.41,4.97,4.92,4.87,4.82,4.77,4.72,,,
KARR,J.A. Air Center,Chicago/Aurora,IL,6.65,4.60,4.60,4.56,4.56,4.42,4.42,,,
KCPS,Jet Aviation,Cahokia,IL,6.67,5.79,5.68,5.68,5.42,5.42,5.15,,,
KDKB,City of Dekalb,De Kalb,IL,4.95,4.05,4.00,4.00,4.00,3.94,3.94,,,
KMVN,SRT Flightline,Mt. Vernon,IL,4.61,3.68,3.67,3.66,3.64,3.63,3.63,,,
KPWK,Atlantic Aviation,Wheeling,IL,8.08,4.88,4.88,4.88,4.83,4.83,4.83,,,
KBMG,"Cook Aviation, inc",Bloomington,IN,6.10,3.55,3.49,3.45,3.45,3.45,3.45,,,
KEVV,United Companies Air Center,Evansville,IN,6.45,5.57,5.51,5.45,5.45,5.45,5.45,,,
KGYY,B. Coleman Aviation,Gary/Chicago,IN,4.69,4.03,4.03,3.98,3.98,3.93,3.93,,,
KHFY,Indy South Greenwood Airport,Greenwood,IN,5.90,4.39,4.29,4.04,4.04,3.74,3.74,,,
KIND,Million Air,Indianapolis,IN,8.13,5.17,5.17,5.05,5.05,4.81,4.81,,,
KJVY,Honaker Aviation,Sellersburg,IN,6.75,4.04,4.04,3.89,3.89,3.89,3.89,,,
KAAO,Clemens Aviation,Wichita,KS,5.38,3.95,3.95,3.95,3.95,3.95,3.95,,,
KDDC,Crotts Aircraft Service,Dodge City,KS,4.49,4.00,4.00,4.00,4.00,4.00,4.00,,,
KFOE,Million Air Topeka,Topeka,KS,6.21,4.16,4.10,4.10,4.10,4.10,4.10,,,
KHUT,Wells Aircraft,Hutchinson,KS,5.33,4.02,3.97,3.91,3.91,3.91,3.91,,,
KHYS,Hays Aircraft LLC,Hays,KS,4.39,3.99,3.99,3.99,3.99,3.99,3.99,,,
KICT,Yingling Aviation,Wichita,KS,6.33,4.12,4.07,4.07,3.93,3.93,3.93,,,
KIXD,Advanced Aviation Jet Center,New Century,KS,6.50,4.32,4.27,4.22,4.16,4.11,4.05,,,
KOJC,Executive Aircraft Service,Olathe,KS,5.25,4.41,4.41,4.41,4.41,4.41,4.41,,,
KSLN,Avflight,Salina,KS,5.27,4.29,4.29,4.23,4.23,4.23,4.23,,,
KLOZ,London-Corbin Airport,London,KY,4.25,3.97,3.86,3.81,3.75,3.75,3.75,,,
KAPS,Port of South Louisiana,Reserve,LA,4.80,4.13,4.12,4.11,4.10,4.08,4.06,,,
KBTR,BTR Jet Center,Baton Rouge,LA,7.49,4.90,4.77,4.64,4.64,4.53,4.47,,,
KDTN,Tubreaux Aviation,Shreveport,LA,5.65,4.57,4.45,4.33,4.20,4.20,4.20,,,
KHDC,Top Gun Hammond,Hammond,LA,7.03,4.32,4.21,4.11,4.01,3.90,3.79,,,
KMLU,Avflight,Monroe,LA,6.70,4.80,4.58,4.41,4.41,4.41,4.41,,,
KNEW,Flightline First,New Orleans,LA,4.71,4.61,4.55,4.50,4.50,4.50,4.50,,,
KBED,Jet Aviation,Boston,MA,9.56,5.27,5.22,5.12,5.07,4.92,4.87,,,
KEWB,NorEast Aviation Services Inc,New Bedford,MA,6.50,4.45,4.45,4.32,4.32,4.32,4.32,,,
KLWM,Falcon Air,Lawrence,MA,5.25,4.38,4.28,4.28,4.28,4.28,4.28,,,
KOWD,Boston Executive,Norwood,MA,6.70,4.60,4.50,4.50,4.50,4.50,4.50,,,
CYWG,Fast Air Jet Centre,Winnipeg,MB,4.83,3.44,3.44,3.44,3.41,3.41,3.41,,,
KESN,Trident Aircraft,Easton,MD,4.64,4.32,4.26,4.24,4.24,4.21,4.21,,,
KSBY,Azure Flight Support SBY,Salisbury,MD,6.25,4.65,4.65,4.40,4.40,4.15,4.15,,,
KPWM,Northeast Air,Portland,ME,4.75,3.89,3.89,3.89,3.89,3.89,3.89,,,
KBIV,Avflight,Holland,MI,7.49,5.38,5.33,5.27,5.21,5.21,5.21,,,
KGRR,Avflight,Grand Rapids,MI,5.99,4.86,4.86,4.65,4.65,4.49,4.49,,,
KMKG,Executive Air Transport,Muskegon,MI,6.89,4.72,4.45,4.24,4.13,4.13,4.13,,,
KPTK,Pentastar Aviation,Waterford,MI,5.01,3.86,3.81,3.77,3.77,3.72,3.72,,,
KTVC,Avflight Traverse City,Traverse City,MI,7.80,6.17,6.17,6.11,6.11,5.99,5.99,,,
KYIP,Avflight Willow Run,Belleville,MI,6.21,4.08,3.73,3.68,3.65,3.65,3.65,,,
KFCM,Thunderbird Aviation,Eden Prairie,MN,5.90,3.67,3.65,3.63,3.61,3.61,3.61,,,
KFFM,Sky Crew Services,Fergus Falls,MN,5.49,4.62,4.57,4.52,4.47,4.42,4.37,,,
KSTP,St. Paul Flight Center,St. Paul,MN,7.25,4.56,4.56,4.43,4.33,4.18,4.08,,,
KGPH,APEX Aero Center,Excelsior Springs,MO,5.49,4.20,4.20,4.20,4.20,4.20,4.20,,,
KJLN,Mizzou Aviation,Joplin,MO,5.80,4.86,4.86,4.86,4.86,4.86,4.86,,,
KLXT,City of Lee's Summit,Lee's Summit,MO,6.23,4.32,4.20,4.20,4.20,4.20,4.20,,,
KSUS,Million Air,Chesterfield,MO,5.89,4.28,4.28,4.28,4.28,4.28,4.28,,,
KGPT,Million Air,Gulfport,MS,8.12,4.86,4.81,4.76,4.76,4.76,4.76,,,
KHKS,Skyport Aviation,Jackson,MS,6.47,4.65,4.55,4.45,4.45,4.45,4.45,,,
KOLV,Memphis Executive Jet Center,Olive Branch,MS,4.00,3.69,3.69,3.69,3.69,3.69,3.69,,,
KPQL,Southern Sky Aviation,Moss Point,MS,6.21,4.64,4.54,4.44,4.32,4.22,4.12,,,
M40,Monroe County Airport,Aberdeen,MS,3.87,3.62,3.57,3.52,3.47,3.42,3.37,,,
KBIL,Edwards Jet Center,Billings,MT,4.75,3.83,3.83,3.78,3.78,3.73,3.73,,,
KBZN,Jet Aviation,Belgrade,MT,6.56,4.49,4.44,4.44,4.38,4.13,4.13,,,
KGTF,Great Falls Jet Center,Great Falls,MT,5.70,4.12,4.09,4.07,4.02,4.02,4.02,,,
KMLS,Miles City Airport,Miles City,MT,5.65,4.14,4.14,4.14,4.14,4.14,4.14,,,
KMSO,Northstar Jet,Missoula,MT,5.79,4.65,4.31,4.21,4.15,4.02,3.94,,,
KSDY,Richland Aviation,Sidney,MT,5.65,4.26,4.21,4.16,4.11,4.06,4.01,,,
KECG,Elizabeth City Regional Airport,Elizabeth City,NC,4.99,4.28,4.28,4.22,4.22,4.17,4.17,,,
KEXX,Fly High Lexington,Lexington,NC,5.15,4.39,4.39,4.39,4.12,4.12,4.12,,,
KGSO,Koury Aviation,Greensboro,NC,6.54,4.23,4.23,4.18,4.18,4.12,4.12,,,
KILM,Aero Center,Wilmington,NC,5.45,4.36,4.20,4.20,4.20,4.20,4.20,,,
KJNX,Johnston Regional Airport,Smithfield,NC,5.36,5.10,5.10,5.10,5.10,5.10,5.10,,,
KOAJ,Skyport Aviation,Richlands,NC,6.30,5.02,4.78,4.67,4.67,4.67,4.67,,,
KRWI,Rocky Mount Wilson Regional Airport,Elm City,NC,5.99,4.80,4.75,4.70,4.64,4.59,4.54,,,
KTTA,Raleigh Executive Jetport,Sanford,NC,5.24,4.28,4.23,4.23,4.16,4.16,4.11,,,
KUKF,Wilkes County Airport,North Wilkesboro,NC,5.12,4.21,4.21,4.21,4.21,4.21,4.21,,,
KBIS,Executive Air Taxi Corporation,Bismarck,ND,5.65,3.59,3.57,3.55,3.51,3.51,3.51,,,
KAFK,Blue Line Aviation,Nebraska City,NE,3.45,3.30,3.30,3.30,3.30,3.30,3.30,,,
KBFF,Classic Aircraft Service,Scottsbluff,NE,5.20,4.05,3.95,3.85,3.75,3.75,3.75,,,
KHSI,Hastings Air,Hastings,NE,4.19,3.33,3.33,3.33,3.33,3.33,3.33,,,
KLBF,Trego-Dugan Aviation,North Platte,NE,5.25,4.37,4.30,4.07,3.87,3.87,3.87,,,
KLNK,Duncan Aviation,Lincoln,NE,6.49,4.68,4.58,4.48,4.48,4.43,4.38,,,
KLCI,Emerson Aviation,Gilford,NH,4.85,4.07,3.97,3.97,3.97,3.97,3.97,,,
KTEB,Signature Aviation West,Teterboro,NJ,8.79,4.73,4.73,4.73,4.73,4.73,4.73,,,
KTTN,FlightServ,Ewing,NJ,7.09,5.22,5.17,5.12,5.07,5.02,4.97,,,
CYQX,Woodward Aviation,Gander,NL,5.07,3.79,3.79,3.79,3.79,3.79,3.79,,,
KABQ,Cutter Aviation,Albuquerque,NM,7.90,4.70,4.65,4.54,4.39,3.76,3.66,,,
KHOB,Christian Aero LLC,Hobbs,NM,5.75,4.83,4.73,4.62,4.62,4.62,4.62,,,
KLRU,Francis Aviation LLC,Las Cruces,NM,6.49,5.04,4.92,4.90,4.78,4.78,4.78,,,
KSAF,Atlantic Aviation,Sante Fe,NM,6.07,5.29,5.18,5.02,4.81,4.81,4.81,,,
MYNN,Jet Nassau,Nassau,NP,6.38,4.53,4.52,4.50,4.18,4.13,4.09,,,
KBVU,Boulder City Aviation Services,Boulder City,NV,5.89,5.02,5.02,5.02,5.02,5.02,5.02,,,
KCXP,"Stellar Aviation of Carson City, LLC",Carson City,NV,6.59,4.49,4.49,4.44,4.44,4.44,4.44,,,
KRNO,Stellar Aviation,Reno,NV,7.77,4.76,4.76,4.76,4.76,4.70,4.64,,,
KFOK,Signature Aviation,Westhampton Beach,NY,8.33,5.51,5.41,5.41,5.30,5.30,5.30,,,
KFRG,Republic Jet Center,Farmingdale,NY,5.03,4.33,4.32,4.19,4.19,4.03,4.03,,,
KHPN,Million Air,White Plains,NY,9.60,5.18,5.18,5.18,5.18,5.18,5.18,,,
KISP,New York Jet,Ronkonkoma,NY,6.10,4.38,4.33,4.17,4.17,4.07,4.07,,,
KROC,Avflight Rochester Corporation,Rochester,NY,6.15,4.64,4.59,4.54,4.54,4.38,4.38,,,
I68,WCA Jet Center,Lebanon,OH,4.99,3.25,3.25,3.25,3.25,3.25,3.25,,,
KCAK,AVFLIGHT-AKRON-CANTON,North Canton,OH,6.40,5.54,5.26,5.09,5.09,5.09,5.09,,,
KCLE,Jets FBO Network,Cleveland,OH,6.73,5.25,5.21,5.21,5.21,5.21,5.21,,,
KCMH,Signature Aviation,Columbus,OH,5.83,4.81,4.81,4.71,4.71,4.58,4.58,,,
KDAY,PremierFBO,Vandalia,OH,4.62,3.62,3.62,3.62,3.62,3.62,3.62,,,
KHZY,Northeast Ohio Regional,Jefferson,OH,6.30,4.86,4.76,4.65,4.54,4.44,4.33,,,
KLUK,Waypoint Aviation,Cincinnati,OH,5.64,4.82,4.82,4.82,4.82,4.82,4.82,,,
KTOL,"GRAND AIRE,INC.",Swanton,OH,6.80,4.15,4.03,3.92,3.81,3.75,3.75,,,
KAVK,Alva Regional Airport,Alva,OK,3.75,3.42,3.42,3.42,3.42,3.42,3.42,,,
KAXS,Altus-Quartz Mountain Regional Airport,Altus,OK,4.50,4.25,4.25,4.25,4.25,4.25,4.25,,,
KGCM,Claremore Regional Airport,Claremore,OK,4.47,3.87,3.77,3.67,3.57,3.47,3.37,,,
KPWA,Jetset FBO,BETHANY,OK,5.28,4.18,4.18,4.13,4.13,4.08,4.08,,,
KRQO,El Reno Flight Center,El Reno,OK,4.00,3.35,3.33,3.30,3.30,3.30,3.30,,,
KRVS,Christiansen Jet Center,Tulsa,OK,4.20,3.46,3.40,3.34,3.28,3.28,3.28,,,
KTUL,United States Aviation,Tulsa,OK,4.44,3.68,3.65,3.62,3.62,3.62,3.62,,,
KWDG,Enid Woodring Regional Airport,Enid,OK,4.35,3.71,3.66,3.61,3.61,3.61,3.61,,,
CYYZ,Execaire Aviation,Mississauga,ON,6.81,4.49,4.49,4.49,4.49,4.43,4.43,,,
KHIO,Global Aviation Inc.,Hillsboro,OR,5.11,3.63,3.63,3.63,3.58,3.58,3.58,,,
KLMT,RMC Aviation,Klamath Falls,OR,5.21,4.80,4.75,4.70,4.70,4.70,4.70,,,
KAFJ,Skyward Aviation,Washington,PA,5.30,4.43,4.43,4.43,4.43,4.43,4.43,,,
KCXY,Skyport Aviation,New Cumberland,PA,7.00,5.01,4.91,4.81,4.81,4.81,4.81,,,
KJST,Nulton Aviation Services Inc.,Johnstown,PA,4.78,3.93,3.92,3.91,3.90,3.89,3.87,,,
KLBE,Laurel Highlands Jet Center,Latrobe,PA,4.97,4.04,4.01,3.96,3.95,3.92,3.89,,,
CYHU,Lux FBO,Longueuil,QC,5.22,4.03,4.03,4.03,4.03,4.03,4.03,,,
CYQB,Lux FBO,Quebec,QC,4.91,3.91,3.91,3.91,3.91,3.91,3.91,,,
KOQU,FlightLevel Rhode Island,North Kingstown,RI,7.25,5.36,5.36,5.33,5.27,5.22,5.22,,,
KCAE,Columbia Aviation,Columbia,SC,5.00,4.43,4.16,3.79,3.79,3.79,3.79,,,
KGSP,Cerulean Aviation,Greer,SC,6.21,5.69,5.47,5.37,5.26,5.15,5.05,,,
KRBW,Lowcountry Regional Airport,Walterboro,SC,5.89,4.98,4.98,4.98,4.98,4.98,4.98,,,
KABR,Hangar 9,Aberdeen,SD,5.00,3.92,3.76,3.73,3.71,3.68,3.66,,,
KATY,"ATY Aviation, Inc.",Watertown,SD,6.10,3.88,3.76,3.71,3.65,3.59,3.59,,,
KFSD,Maverick Air Center,Sioux Falls,SD,5.22,3.88,3.76,3.46,3.40,3.21,3.21,,,
KSPF,"Eagle Aviation, LLC.",Spearfish,SD,5.55,4.25,4.22,4.19,4.19,4.19,4.19,,,
0A9,Elizabethton Municipal Airport,Elizabethton,TN,4.76,4.46,4.46,4.36,4.36,4.26,4.26,,,
KCHA,Wilson Air Center,Chattanooga,TN,6.95,5.18,5.12,5.07,5.07,5.02,5.02,,,
KCSV,Azure Flight Support,Crossville,TN,4.99,3.90,3.90,3.80,3.80,3.70,3.70,,,
KJWN,Contour Flight Support,Nashville,TN,6.64,5.46,5.46,5.35,5.35,5.30,5.30,,,
KMEM,Wilson Air Center,Memphis,TN,6.22,5.02,4.91,4.78,4.78,4.78,4.78,,,
KMQY,Azure Flight Support,Smyrna,TN,6.05,4.71,4.71,4.58,4.58,4.52,4.52,,,
KRZR,Cleveland Regional Jetport,Cleveland,TN,5.65,4.26,4.26,4.10,4.10,4.03,4.03,,,
KSRB,Upper Cumberland Regional Jet Center,Sparta,TN,4.53,4.11,4.01,3.85,3.85,3.85,3.85,,,
KTHA,Tullahoma Municipal Airport,Tullahoma,TN,5.07,4.68,4.63,4.53,4.42,4.42,4.42,,,
KXNX,Jet Access,Gallatin,TN,5.29,4.84,4.73,4.63,4.58,4.52,4.46,,,
M54,Direct Flight Solutions,Lebanon,TN,6.25,4.05,3.94,3.84,3.73,3.73,3.73,,,
F05,Wilbarger County Airport,Vernon,TX,4.25,3.75,3.75,3.75,3.75,3.75,3.75,,,
F82,ClearTech Aviation,Lubbock,TX,5.54,4.45,4.35,4.25,4.14,4.09,4.04,,,
H81,Redline Aviation,Amarillo,TX,3.59,3.49,3.49,3.49,3.49,3.49,3.49,,,
KABI,Freeman Jet Center Abilene,Abilene,TX,6.22,4.92,4.71,4.50,4.45,4.29,4.19,,,
KACT,Freeman Jet Center,Waco,TX,6.18,4.52,4.22,4.11,4.11,4.11,4.11,,,
KADS,Million Air,Addison,TX,5.85,4.27,4.11,4.11,4.11,3.85,3.85,,,
KAUS,Million Air Austin,Austin,TX,9.47,4.16,4.16,4.14,4.14,4.12,4.12,,,
KAXH,Houston Southwest Airport,Arcola,TX,4.76,3.96,3.90,3.78,3.66,3.36,3.36,,,
KCDS,Boedeker Flying Service,Childress,TX,4.51,4.31,4.31,4.31,4.31,4.31,4.31,,,
KCRP,Sterling Air Service,Corpus Christie,TX,5.95,4.65,4.65,4.65,4.65,4.65,4.65,,,
KCXO,General Aviation Services,Conroe,TX,5.09,3.75,3.75,3.75,3.75,3.75,3.75,,,
KDAL,Business Jet Center,Dallas,TX,6.61,4.20,4.00,3.83,3.71,3.71,3.71,,,
KDHT,Starlink Aviation,Dalhart,TX,5.53,4.48,4.43,4.38,4.33,4.33,4.33,,,
KELP,Million Air,El Paso,TX,7.24,4.65,4.59,4.53,4.46,4.40,4.40,,,
KFTW,Texas Jet,Fort Worth,TX,7.54,3.80,3.80,3.80,3.78,3.78,3.78,,,
KGKY,Arlington Air Center,Arlington,TX,5.15,3.95,3.70,3.70,3.45,3.45,3.45,,,
KGTU,Cutter Aviation,Georgetown,TX,6.73,5.43,5.08,4.68,4.68,4.68,4.68,,,
KGYI,Rise Aviation,Denison,TX,5.69,4.75,4.50,4.15,4.15,4.15,4.15,,,
KHOU,Wilson Air Center,Houston,TX,6.89,3.57,3.57,3.47,3.47,3.36,3.36,,,
KHRL,Sun Valley Aviation,Harlingen,TX,5.05,3.61,3.59,3.56,3.51,3.51,3.51,,,
KLBB,Million Air Lubbock,Lubbock,TX,6.13,4.86,4.66,4.45,4.39,4.24,4.13,,,
KODO,Ector County Odessa Schlemeyer Field,Odessa,TX,4.57,4.22,4.15,4.09,4.03,3.97,3.91,,,
KPEQ,"Crosby Flying Services, LLC",Pecos,TX,5.50,4.49,4.49,4.49,4.49,4.31,4.31,,,
KPVW,Tradewind FBO,Plainview,TX,4.08,3.53,3.51,3.48,3.46,3.44,3.42,,,
KRBD,Ambassador Jet Center,Dallas,TX,5.15,3.78,3.78,3.68,3.68,3.57,3.57,,,
KSAT,Million Air,San Antonio,TX,8.76,4.30,4.25,4.20,4.15,4.10,4.05,,,
KSJT,San Angelo Jet Center,San Angelo,TX,5.36,3.76,3.69,3.62,3.56,3.51,3.46,,,
KTDW,Tradewind FBO,Amarillo,TX,4.83,4.16,4.12,4.02,3.98,3.94,3.90,,,
KTRL,Apex Aero Center,Terrell,TX,4.71,3.88,3.88,3.88,3.88,3.88,3.88,,,
KTYR,Johnson Aviation,Tyler,TX,4.35,3.84,3.84,3.84,3.84,3.84,3.84,,,
KUVA,Uvalde Flight Center,Uvalde,TX,5.39,4.64,4.59,4.54,4.49,4.44,4.34,,,
KBTF,Skypark Airport,Woods Cross,UT,5.79,4.14,4.14,4.14,4.14,4.14,4.14,,,
KENV,Wendover Airport,Wendover,UT,5.94,4.01,3.91,3.80,3.80,3.80,3.80,,,
KPVU,Duncan Aviation,Provo,UT,6.45,4.98,4.88,4.78,4.68,4.58,4.48,,,
KSGU,Sandstone Aviation,St. George,UT,4.47,4.08,4.03,3.98,3.98,3.98,3.98,,,
KSPK,Utah Aviation,Spanish Fork,UT,6.20,5.10,4.95,4.86,4.75,4.75,4.75,,,
KHEF,APP Jet Center,Manassas,VA,5.59,4.03,4.03,3.98,3.98,3.93,3.93,,,
KJYO,Kuhn Jet Center,Leesburg,VA,5.61,4.73,4.68,4.63,4.58,4.53,4.48,,,
KOKV,Winchester Aviation,Winchester,VA,5.76,4.10,3.98,3.78,3.74,3.69,3.69,,,
KPVG,Hampton Roads Executive Airport,Chesapeake,VA,4.99,4.55,4.55,4.55,4.55,4.55,4.55,,,
TIST,Standard Aviation LLC,St. Thomas,VI,5.66,4.81,4.81,4.81,4.81,4.81,4.81,,,
TISX,Bohlke International Aviation,St. Croix I,VI,6.53,5.27,5.06,5.01,4.96,4.91,4.86,,,
KBFI,Skyservice,Seattle,WA,5.43,4.32,4.32,4.14,4.14,3.98,3.98,,,
KELN,"Aviation Services, LLC",Ellensburg,WA,5.90,4.71,4.60,4.50,4.39,4.33,4.28,,,
KGEG,Aero Center Spokane,Spokane,WA,7.16,5.32,5.18,5.07,5.07,5.07,5.07,,,
KSFF,Aero Center,Spokane,WA,7.50,5.48,5.34,5.34,5.34,5.34,5.34,,,
KTIW,Narrows Aviation,Gig Harbor,WA,5.49,4.84,4.73,4.51,4.40,4.40,4.40,,,
KENW,Stein's Aircraft Services,Kenosha,WI,5.04,3.77,3.77,3.72,3.72,3.67,3.67,,,
KGRB,Jet Air Group,Green Bay,WI,5.10,4.05,3.99,3.92,3.92,3.92,3.92,,,
KJVL,Revv Aviation,Janesville,WI,5.95,3.94,3.89,3.84,3.79,3.74,3.69,,,
KMKE,Avflight Milwaukee Corporation,Milwaukee,WI,5.24,4.58,4.58,4.53,4.53,4.53,4.53,,,
KRNH,East Metro Jet Center,New Richmond,WI,5.99,3.79,3.79,3.48,3.48,3.48,3.48,,,
KSUW,"Superior Flying Services, LLC",Superior,WI,5.45,3.94,3.94,3.84,3.84,3.84,3.84,,,
KUES,"Stein's Aircraft Services, LLC",Waukesha,WI,6.14,4.05,4.00,3.95,3.90,3.85,3.80,,,
KCKB,V1 Aviation,Bridgeport,WV,5.55,5.20,4.92,4.65,4.65,4.65,4.65,,,
KMRB,MRB Aviation,Martinsburg,WV,5.99,4.66,4.56,4.46,4.46,4.46,4.46,,,
KAFO,Eagle Jet Center,Afton,WY,6.39,4.43,4.43,4.43,4.43,4.43,4.43,,,
KBPI,Joint Big Piney,Marbleton,WY,5.04,3.92,3.92,3.92,3.92,3.92,3.92,,,
KCOD,Beacon Air Group,Cody,WY,5.17,4.06,4.06,4.06,4.06,4.06,4.06,,,
KCPR,Aero Center,Casper,WY,6.98,5.06,4.76,4.76,4.76,4.76,4.76,,,
KCYS,Legend AeroServe,Cheyenne,WY,5.96,4.44,4.44,4.44,4.44,4.44,4.44,,,
KEVW,Evanston Aviation,Evanston,WY,5.26,4.56,4.51,4.41,4.41,4.41,4.41,,,
KPNA,Top Flight,Pinedale,WY,5.25,4.05,4.05,4.05,4.05,4.05,4.05,,,
KWRL,Hellyer Aviation,Worland,WY,4.95,4.47,4.27,4.27,4.27,4.27,4.27,,,
EDDL,Jet Aviation,Düsseldorf,,9.40,8.64,8.64,8.64,8.64,8.64,8.64,,,
EGGD,Centreline,Bristol,,3.91,3.70,3.70,3.70,3.70,3.70,3.70,,,
EGGW,Signature Aviation,Luton,,4.86,3.75,3.75,3.63,3.63,3.52,3.52,,,
EGSS,Inflite the Jet Centre,Stansted,,3.15,2.80,2.80,2.80,2.80,2.80,2.80,,,
EHAM,Jet Aviation,Schiphol,,8.11,7.02,7.02,7.02,7.02,7.02,7.02,,,
EINN,Signature Aviation,Shannon,,3.92,3.52,3.44,3.44,3.37,3.37,3.37,,,
LSGG,Jet Aviation,Geneva,,8.63,7.83,7.83,7.83,7.83,7.83,7.83,,,
LSZH,Jet Aviation,Zurich,,10.71,9.74,9.74,9.74,9.74,9.74,9.74,,,
MBPV,Business Aviation Ltd,Providenciales,,5.41,4.41,4.38,4.38,4.38,4.26,4.26,,,